--
-- PostgreSQL database dump
--

\restrict 5fuhOfUe6wGvsa2YOLNeHFxSfNdtuwmeUhKmYaLPabzMhZhsbS5p6ibtLfTWduy

-- Dumped from database version 17.10
-- Dumped by pg_dump version 17.10

-- Started on 2026-06-22 03:46:53

SET statement_timeout = 0;
SET lock_timeout = 0;
SET idle_in_transaction_session_timeout = 0;
SET transaction_timeout = 0;
SET client_encoding = 'UTF8';
SET standard_conforming_strings = on;
SELECT pg_catalog.set_config('search_path', '', false);
SET check_function_bodies = false;
SET xmloption = content;
SET client_min_messages = warning;
SET row_security = off;

DROP DATABASE library_metadata;
--
-- TOC entry 4840 (class 1262 OID 16556)
-- Name: library_metadata; Type: DATABASE; Schema: -; Owner: postgres
--

CREATE DATABASE library_metadata WITH TEMPLATE = template0 ENCODING = 'UTF8' LOCALE_PROVIDER = libc LOCALE = 'Serbian (Latin)_Serbia.1252';


ALTER DATABASE library_metadata OWNER TO postgres;

\unrestrict 5fuhOfUe6wGvsa2YOLNeHFxSfNdtuwmeUhKmYaLPabzMhZhsbS5p6ibtLfTWduy
\connect library_metadata
\restrict 5fuhOfUe6wGvsa2YOLNeHFxSfNdtuwmeUhKmYaLPabzMhZhsbS5p6ibtLfTWduy

SET statement_timeout = 0;
SET lock_timeout = 0;
SET idle_in_transaction_session_timeout = 0;
SET transaction_timeout = 0;
SET client_encoding = 'UTF8';
SET standard_conforming_strings = on;
SELECT pg_catalog.set_config('search_path', '', false);
SET check_function_bodies = false;
SET xmloption = content;
SET client_min_messages = warning;
SET row_security = off;

--
-- TOC entry 4 (class 2615 OID 2200)
-- Name: public; Type: SCHEMA; Schema: -; Owner: pg_database_owner
--

CREATE SCHEMA public;


ALTER SCHEMA public OWNER TO pg_database_owner;

--
-- TOC entry 4841 (class 0 OID 0)
-- Dependencies: 4
-- Name: SCHEMA public; Type: COMMENT; Schema: -; Owner: pg_database_owner
--

COMMENT ON SCHEMA public IS 'standard public schema';


SET default_tablespace = '';

SET default_table_access_method = heap;

--
-- TOC entry 222 (class 1259 OID 24744)
-- Name: books; Type: TABLE; Schema: public; Owner: postgres
--

CREATE TABLE public.books (
    id bigint NOT NULL,
    author character varying(255) NOT NULL,
    description text,
    fetched_by character varying(255),
    isbn character varying(255),
    published_year integer,
    title character varying(255) NOT NULL,
    cover_url character varying(500),
    available boolean DEFAULT true
);


ALTER TABLE public.books OWNER TO postgres;

--
-- TOC entry 221 (class 1259 OID 24743)
-- Name: books_id_seq; Type: SEQUENCE; Schema: public; Owner: postgres
--

ALTER TABLE public.books ALTER COLUMN id ADD GENERATED BY DEFAULT AS IDENTITY (
    SEQUENCE NAME public.books_id_seq
    START WITH 1
    INCREMENT BY 1
    NO MINVALUE
    NO MAXVALUE
    CACHE 1
);


--
-- TOC entry 220 (class 1259 OID 16580)
-- Name: lending; Type: TABLE; Schema: public; Owner: postgres
--

CREATE TABLE public.lending (
    id bigint NOT NULL,
    borrow_date date,
    return_date date,
    user_id bigint,
    book_id bigint
);


ALTER TABLE public.lending OWNER TO postgres;

--
-- TOC entry 219 (class 1259 OID 16579)
-- Name: lending_id_seq; Type: SEQUENCE; Schema: public; Owner: postgres
--

CREATE SEQUENCE public.lending_id_seq
    START WITH 1
    INCREMENT BY 1
    NO MINVALUE
    NO MAXVALUE
    CACHE 1;


ALTER SEQUENCE public.lending_id_seq OWNER TO postgres;

--
-- TOC entry 4842 (class 0 OID 0)
-- Dependencies: 219
-- Name: lending_id_seq; Type: SEQUENCE OWNED BY; Schema: public; Owner: postgres
--

ALTER SEQUENCE public.lending_id_seq OWNED BY public.lending.id;


--
-- TOC entry 224 (class 1259 OID 32942)
-- Name: seats; Type: TABLE; Schema: public; Owner: postgres
--

CREATE TABLE public.seats (
    id bigint NOT NULL,
    seat_number character varying(10) NOT NULL,
    reserved_by bigint
);


ALTER TABLE public.seats OWNER TO postgres;

--
-- TOC entry 223 (class 1259 OID 32941)
-- Name: seats_id_seq; Type: SEQUENCE; Schema: public; Owner: postgres
--

CREATE SEQUENCE public.seats_id_seq
    START WITH 1
    INCREMENT BY 1
    NO MINVALUE
    NO MAXVALUE
    CACHE 1;


ALTER SEQUENCE public.seats_id_seq OWNER TO postgres;

--
-- TOC entry 4843 (class 0 OID 0)
-- Dependencies: 223
-- Name: seats_id_seq; Type: SEQUENCE OWNED BY; Schema: public; Owner: postgres
--

ALTER SEQUENCE public.seats_id_seq OWNED BY public.seats.id;


--
-- TOC entry 218 (class 1259 OID 16558)
-- Name: users; Type: TABLE; Schema: public; Owner: postgres
--

CREATE TABLE public.users (
    id bigint NOT NULL,
    email character varying(255) NOT NULL,
    password_hash character varying(255) NOT NULL,
    role character varying(255) NOT NULL
);


ALTER TABLE public.users OWNER TO postgres;

--
-- TOC entry 217 (class 1259 OID 16557)
-- Name: users_id_seq; Type: SEQUENCE; Schema: public; Owner: postgres
--

CREATE SEQUENCE public.users_id_seq
    START WITH 1
    INCREMENT BY 1
    NO MINVALUE
    NO MAXVALUE
    CACHE 1;


ALTER SEQUENCE public.users_id_seq OWNER TO postgres;

--
-- TOC entry 4844 (class 0 OID 0)
-- Dependencies: 217
-- Name: users_id_seq; Type: SEQUENCE OWNED BY; Schema: public; Owner: postgres
--

ALTER SEQUENCE public.users_id_seq OWNED BY public.users.id;


--
-- TOC entry 4657 (class 2604 OID 16583)
-- Name: lending id; Type: DEFAULT; Schema: public; Owner: postgres
--

ALTER TABLE ONLY public.lending ALTER COLUMN id SET DEFAULT nextval('public.lending_id_seq'::regclass);


--
-- TOC entry 4659 (class 2604 OID 32945)
-- Name: seats id; Type: DEFAULT; Schema: public; Owner: postgres
--

ALTER TABLE ONLY public.seats ALTER COLUMN id SET DEFAULT nextval('public.seats_id_seq'::regclass);


--
-- TOC entry 4656 (class 2604 OID 16561)
-- Name: users id; Type: DEFAULT; Schema: public; Owner: postgres
--

ALTER TABLE ONLY public.users ALTER COLUMN id SET DEFAULT nextval('public.users_id_seq'::regclass);


--
-- TOC entry 4832 (class 0 OID 24744)
-- Dependencies: 222
-- Data for Name: books; Type: TABLE DATA; Schema: public; Owner: postgres
--

INSERT INTO public.books (id, author, description, fetched_by, isbn, published_year, title, cover_url, available) VALUES (26, 'F. Scott Fitzgerald', 'No description available for this book.', 'newone', '9780743273565', 2021, 'The Great Gatsby', 'https://covers.openlibrary.org/b/id/14314120-M.jpg', true);
INSERT INTO public.books (id, author, description, fetched_by, isbn, published_year, title, cover_url, available) VALUES (27, 'Harper Lee', 'When he was nearly thirteen, my brother Jem got his arm badly broken at the elbow.', 'newone', '9780061120084', 2006, 'To Kill a Mockingbird', 'https://covers.openlibrary.org/b/id/15162569-M.jpg', true);
INSERT INTO public.books (id, author, description, fetched_by, isbn, published_year, title, cover_url, available) VALUES (28, 'George Orwell', 'It was a bright cold day in April, and the clocks were striking thirteen.', 'newone', '9780452284234', 2003, 'Nineteen eighty-four', 'https://covers.openlibrary.org/b/id/7898938-M.jpg', true);
INSERT INTO public.books (id, author, description, fetched_by, isbn, published_year, title, cover_url, available) VALUES (29, 'Jane Austen', 'It is a truth universally acknowledged, that a single man in possession of a good fortune, must be in want of a wife.', 'newone', '9780141439518', 2003, 'Pride and Prejudice', 'https://covers.openlibrary.org/b/id/12645114-M.jpg', true);
INSERT INTO public.books (id, author, description, fetched_by, isbn, published_year, title, cover_url, available) VALUES (30, 'Naoki Urasawa', 'No description available for this book.', 'newone', '9781421569079', 2014, 'Monster', 'https://covers.openlibrary.org/b/id/13111511-M.jpg', true);
INSERT INTO public.books (id, author, description, fetched_by, isbn, published_year, title, cover_url, available) VALUES (32, 'Olivie Blake', 'No description available for this book.', 'newone', '9781529095326', 2023, 'The Atlas Paradox', 'https://covers.openlibrary.org/b/id/15133394-M.jpg', true);
INSERT INTO public.books (id, author, description, fetched_by, isbn, published_year, title, cover_url, available) VALUES (33, 'Holly Black', 'No description available for this book.', 'newone', '9781471407277', 2018, 'The Cruel Prince (The Folk of the Air)', 'https://covers.openlibrary.org/b/id/8435418-M.jpg', true);
INSERT INTO public.books (id, author, description, fetched_by, isbn, published_year, title, cover_url, available) VALUES (34, 'Catherine Ryan Hyde', 'No description available for this book.', 'newone', '9781683245490', 2017, 'Allie and Bea', 'https://covers.openlibrary.org/b/id/10516688-M.jpg', true);
INSERT INTO public.books (id, author, description, fetched_by, isbn, published_year, title, cover_url, available) VALUES (35, 'Emma Darcy', 'No description available for this book.', 'a', '9780373114634', 1992, 'The Wedding', 'https://covers.openlibrary.org/b/id/10668053-M.jpg', true);
INSERT INTO public.books (id, author, description, fetched_by, isbn, published_year, title, cover_url, available) VALUES (36, 'Holly Jackson', 'No description available for this book.', 'a', '9780008621711', 2023, 'Good Girl, Bad Blood', 'https://covers.openlibrary.org/b/id/15178612-M.jpg', true);
INSERT INTO public.books (id, author, description, fetched_by, isbn, published_year, title, cover_url, available) VALUES (37, 'Hanya Yanagihara', 'The eleventh apartment had only one closet, but it did have a sliding glass door that opened onto a small balcony, from which he could see a man sitting across the way, outdoors in only a T-shirt and shorts even though it was October, smoking.', 'a', '9780385539258', 2015, 'A Little Life', 'https://covers.openlibrary.org/b/id/15231386-M.jpg', true);
INSERT INTO public.books (id, author, description, fetched_by, isbn, published_year, title, cover_url, available) VALUES (38, 'Lauren Roberts', 'No description available for this book.', 'a', '9798987380406', 2023, 'Powerless', 'https://covers.openlibrary.org/b/id/15172587-M.jpg', true);
INSERT INTO public.books (id, author, description, fetched_by, isbn, published_year, title, cover_url, available) VALUES (39, 'Colleen Hoover', '1500', 'a', '9781471156267', 2016, 'It Ends With Us', 'https://covers.openlibrary.org/b/id/15123232-M.jpg', true);
INSERT INTO public.books (id, author, description, fetched_by, isbn, published_year, title, cover_url, available) VALUES (40, 'Stephen King', 'Jack Torrance thought: Officious little prick.', 'a', '9780340797662', 1988, 'The Shining', 'https://covers.openlibrary.org/b/id/15090478-M.jpg', true);
INSERT INTO public.books (id, author, description, fetched_by, isbn, published_year, title, cover_url, available) VALUES (41, 'Stephen King', 'It was reliably reported by several persons that a rain of stones fell from a clear blue sky on Carlin Street in the town of Chamberlain on August 17th.', 'a', '9780340922842', 1999, 'Carrie', 'https://covers.openlibrary.org/b/id/14653022-M.jpg', true);
INSERT INTO public.books (id, author, description, fetched_by, isbn, published_year, title, cover_url, available) VALUES (42, 'Stephen King', 'umber whunnnn', 'a', '9781444741292', 2011, 'Misery', 'https://covers.openlibrary.org/b/id/15151485-M.jpg', true);
INSERT INTO public.books (id, author, description, fetched_by, isbn, published_year, title, cover_url, available) VALUES (44, 'Holly Black', 'No description available for this book.', 'a', '9781471408038', 2019, 'The Wicked King', 'https://covers.openlibrary.org/b/id/15158186-M.jpg', true);
INSERT INTO public.books (id, author, description, fetched_by, isbn, published_year, title, cover_url, available) VALUES (45, 'Holly Black', 'No description available for this book.', 'a', '9781471407598', 2020, 'The Queen of Nothing', 'https://covers.openlibrary.org/b/id/12645266-M.jpg', true);
INSERT INTO public.books (id, author, description, fetched_by, isbn, published_year, title, cover_url, available) VALUES (48, 'Holly Black', 'No description available for this book.', 'a', '9780316592703', 2023, 'The Stolen Heir', 'https://covers.openlibrary.org/b/id/13122196-M.jpg', true);
INSERT INTO public.books (id, author, description, fetched_by, isbn, published_year, title, cover_url, available) VALUES (43, 'Stephen King', 'Louis Creed, who had lost his father at three and who had never known a grandfather, never expected to find a father as he entered his middle age, but that was exactly what happened...although he called this man a friend, as a grown man must do when he finds the man who should have been his father relatively late in life.', 'a', '9780451150240', 1987, 'Pet Sematary', 'https://covers.openlibrary.org/b/id/14651682-M.jpg', true);
INSERT INTO public.books (id, author, description, fetched_by, isbn, published_year, title, cover_url, available) VALUES (46, 'Holly Black', 'No description available for this book.', 'a', '9780857073617', 2008, 'Tithe', 'https://covers.openlibrary.org/b/id/13151828-M.jpg', true);
INSERT INTO public.books (id, author, description, fetched_by, isbn, published_year, title, cover_url, available) VALUES (47, 'Holly Black', 'No description available for this book.', 'a', '9781780621746', 2016, 'The Darkest Part of the Forest', 'https://covers.openlibrary.org/b/id/13155932-M.jpg', true);
INSERT INTO public.books (id, author, description, fetched_by, isbn, published_year, title, cover_url, available) VALUES (49, 'William Peter Blatty', 'Northern Iraq...', 'aaa@library.com', '9780553113402', 1977, 'The Exorcist', 'https://covers.openlibrary.org/b/id/15231706-M.jpg', true);
INSERT INTO public.books (id, author, description, fetched_by, isbn, published_year, title, cover_url, available) VALUES (50, 'Freida McFadden', 'No description available for this book.', 'newone', '9781464221361', 2023, 'Never Lie', 'https://covers.openlibrary.org/b/id/15108166-M.jpg', true);
INSERT INTO public.books (id, author, description, fetched_by, isbn, published_year, title, cover_url, available) VALUES (51, 'H. G. Wells', 'No description available for this book.', 'newone', '9781402736889', 2007, 'Classic Starts', 'https://covers.openlibrary.org/b/id/1738958-M.jpg', true);
INSERT INTO public.books (id, author, description, fetched_by, isbn, published_year, title, cover_url, available) VALUES (53, 'Sarah J. Maas', 'No description available for this book.', 'aaa@library.com', '9781619634480', 2017, 'A Court of Wings and Ruin', 'https://covers.openlibrary.org/b/id/14859521-M.jpg', true);
INSERT INTO public.books (id, author, description, fetched_by, isbn, published_year, title, cover_url, available) VALUES (54, 'Mina N. Tanas', NULL, 'aaa@library.com', NULL, 2026, 'My Endless Apologies To Humankind', 'https://i.pinimg.com/736x/de/b2/36/deb2363f2db4d27733b5a5c132c52ba4.jpg', true);


--
-- TOC entry 4830 (class 0 OID 16580)
-- Dependencies: 220
-- Data for Name: lending; Type: TABLE DATA; Schema: public; Owner: postgres
--

INSERT INTO public.lending (id, borrow_date, return_date, user_id, book_id) VALUES (43, '2026-06-21', '2026-07-05', 6, 32);
INSERT INTO public.lending (id, borrow_date, return_date, user_id, book_id) VALUES (44, '2026-06-21', '2026-07-05', 6, 42);
INSERT INTO public.lending (id, borrow_date, return_date, user_id, book_id) VALUES (45, '2026-06-21', '2026-07-05', 6, 26);
INSERT INTO public.lending (id, borrow_date, return_date, user_id, book_id) VALUES (46, '2026-06-21', '2026-07-05', 6, 44);
INSERT INTO public.lending (id, borrow_date, return_date, user_id, book_id) VALUES (47, '2026-06-21', '2026-06-23', 6, 43);
INSERT INTO public.lending (id, borrow_date, return_date, user_id, book_id) VALUES (48, '2026-06-21', '2026-07-05', 1, 40);


--
-- TOC entry 4834 (class 0 OID 32942)
-- Dependencies: 224
-- Data for Name: seats; Type: TABLE DATA; Schema: public; Owner: postgres
--

INSERT INTO public.seats (id, seat_number, reserved_by) VALUES (1, 'A1', NULL);
INSERT INTO public.seats (id, seat_number, reserved_by) VALUES (2, 'A2', NULL);
INSERT INTO public.seats (id, seat_number, reserved_by) VALUES (3, 'A3', NULL);
INSERT INTO public.seats (id, seat_number, reserved_by) VALUES (5, 'A5', NULL);
INSERT INTO public.seats (id, seat_number, reserved_by) VALUES (7, 'A7', NULL);
INSERT INTO public.seats (id, seat_number, reserved_by) VALUES (9, 'B1', NULL);
INSERT INTO public.seats (id, seat_number, reserved_by) VALUES (10, 'B2', NULL);
INSERT INTO public.seats (id, seat_number, reserved_by) VALUES (11, 'B3', NULL);
INSERT INTO public.seats (id, seat_number, reserved_by) VALUES (12, 'B4', NULL);
INSERT INTO public.seats (id, seat_number, reserved_by) VALUES (13, 'B5', NULL);
INSERT INTO public.seats (id, seat_number, reserved_by) VALUES (14, 'B6', NULL);
INSERT INTO public.seats (id, seat_number, reserved_by) VALUES (15, 'B7', NULL);
INSERT INTO public.seats (id, seat_number, reserved_by) VALUES (16, 'B8', NULL);
INSERT INTO public.seats (id, seat_number, reserved_by) VALUES (17, 'C1', NULL);
INSERT INTO public.seats (id, seat_number, reserved_by) VALUES (18, 'C2', NULL);
INSERT INTO public.seats (id, seat_number, reserved_by) VALUES (19, 'C3', NULL);
INSERT INTO public.seats (id, seat_number, reserved_by) VALUES (20, 'C4', NULL);
INSERT INTO public.seats (id, seat_number, reserved_by) VALUES (21, 'C5', NULL);
INSERT INTO public.seats (id, seat_number, reserved_by) VALUES (22, 'C6', NULL);
INSERT INTO public.seats (id, seat_number, reserved_by) VALUES (23, 'C7', NULL);
INSERT INTO public.seats (id, seat_number, reserved_by) VALUES (24, 'C8', NULL);
INSERT INTO public.seats (id, seat_number, reserved_by) VALUES (25, 'D1', NULL);
INSERT INTO public.seats (id, seat_number, reserved_by) VALUES (26, 'D2', NULL);
INSERT INTO public.seats (id, seat_number, reserved_by) VALUES (27, 'D3', NULL);
INSERT INTO public.seats (id, seat_number, reserved_by) VALUES (28, 'D4', NULL);
INSERT INTO public.seats (id, seat_number, reserved_by) VALUES (29, 'D5', NULL);
INSERT INTO public.seats (id, seat_number, reserved_by) VALUES (30, 'D6', NULL);
INSERT INTO public.seats (id, seat_number, reserved_by) VALUES (31, 'D7', NULL);
INSERT INTO public.seats (id, seat_number, reserved_by) VALUES (32, 'D8', NULL);
INSERT INTO public.seats (id, seat_number, reserved_by) VALUES (4, 'A4', 5);
INSERT INTO public.seats (id, seat_number, reserved_by) VALUES (8, 'A8', 6);
INSERT INTO public.seats (id, seat_number, reserved_by) VALUES (6, 'A6', 6);


--
-- TOC entry 4828 (class 0 OID 16558)
-- Dependencies: 218
-- Data for Name: users; Type: TABLE DATA; Schema: public; Owner: postgres
--

INSERT INTO public.users (id, email, password_hash, role) VALUES (1, 'john@library.com', 'hashed_password_123', 'LIBRARIAN');
INSERT INTO public.users (id, email, password_hash, role) VALUES (2, 'jane@library.com', 'hashed_password_456', 'MEMBER');
INSERT INTO public.users (id, email, password_hash, role) VALUES (3, 'me', 'me', 'LIBRARIAN');
INSERT INTO public.users (id, email, password_hash, role) VALUES (4, 'test@example.com', '$2a$10$NkEUpXbGxXcGJkQ5tVKqVOT5Q3jQ4R5S6T7U8V9W0X1Y2Z3A4B5C6D', 'USER');
INSERT INTO public.users (id, email, password_hash, role) VALUES (5, 'newone', '$2a$12$dI2BEg7JWHFoF5/K0v1y7.cP.V2LMpOhbDqecJP.7rXGIiDyLpiqC', 'USER');
INSERT INTO public.users (id, email, password_hash, role) VALUES (8, 'a', '$2a$12$Oh5UguOtmuiPm.NCyzYLNOmHnz9D0jYCHGE5JNLGih958GBxAfW0i', 'LIBRARIAN');
INSERT INTO public.users (id, email, password_hash, role) VALUES (6, 'lala@example.com', '$2a$10$bVB3SeEKTorge0SlcgfYyuPMVDasoOu/fjtPMrrpkJtkeu/F09aIq', 'USER');
INSERT INTO public.users (id, email, password_hash, role) VALUES (9, 'aaa@library.com', '$2a$12$woRgcx5crq5IWy88GXlJruqIzRg5AhLY/X0x9oMvAGNAY.JVwxXDK', 'LIBRARIAN');


--
-- TOC entry 4845 (class 0 OID 0)
-- Dependencies: 221
-- Name: books_id_seq; Type: SEQUENCE SET; Schema: public; Owner: postgres
--

SELECT pg_catalog.setval('public.books_id_seq', 54, true);


--
-- TOC entry 4846 (class 0 OID 0)
-- Dependencies: 219
-- Name: lending_id_seq; Type: SEQUENCE SET; Schema: public; Owner: postgres
--

SELECT pg_catalog.setval('public.lending_id_seq', 48, true);


--
-- TOC entry 4847 (class 0 OID 0)
-- Dependencies: 223
-- Name: seats_id_seq; Type: SEQUENCE SET; Schema: public; Owner: postgres
--

SELECT pg_catalog.setval('public.seats_id_seq', 32, true);


--
-- TOC entry 4848 (class 0 OID 0)
-- Dependencies: 217
-- Name: users_id_seq; Type: SEQUENCE SET; Schema: public; Owner: postgres
--

SELECT pg_catalog.setval('public.users_id_seq', 9, true);


--
-- TOC entry 4670 (class 2606 OID 24750)
-- Name: books books_pkey; Type: CONSTRAINT; Schema: public; Owner: postgres
--

ALTER TABLE ONLY public.books
    ADD CONSTRAINT books_pkey PRIMARY KEY (id);


--
-- TOC entry 4668 (class 2606 OID 16585)
-- Name: lending lending_pkey; Type: CONSTRAINT; Schema: public; Owner: postgres
--

ALTER TABLE ONLY public.lending
    ADD CONSTRAINT lending_pkey PRIMARY KEY (id);


--
-- TOC entry 4675 (class 2606 OID 32947)
-- Name: seats seats_pkey; Type: CONSTRAINT; Schema: public; Owner: postgres
--

ALTER TABLE ONLY public.seats
    ADD CONSTRAINT seats_pkey PRIMARY KEY (id);


--
-- TOC entry 4677 (class 2606 OID 32949)
-- Name: seats seats_seat_number_key; Type: CONSTRAINT; Schema: public; Owner: postgres
--

ALTER TABLE ONLY public.seats
    ADD CONSTRAINT seats_seat_number_key UNIQUE (seat_number);


--
-- TOC entry 4673 (class 2606 OID 24753)
-- Name: books ukkibbepcitr0a3cpk3rfr7nihn; Type: CONSTRAINT; Schema: public; Owner: postgres
--

ALTER TABLE ONLY public.books
    ADD CONSTRAINT ukkibbepcitr0a3cpk3rfr7nihn UNIQUE (isbn);


--
-- TOC entry 4662 (class 2606 OID 16567)
-- Name: users users_email_key; Type: CONSTRAINT; Schema: public; Owner: postgres
--

ALTER TABLE ONLY public.users
    ADD CONSTRAINT users_email_key UNIQUE (email);


--
-- TOC entry 4664 (class 2606 OID 16565)
-- Name: users users_pkey; Type: CONSTRAINT; Schema: public; Owner: postgres
--

ALTER TABLE ONLY public.users
    ADD CONSTRAINT users_pkey PRIMARY KEY (id);


--
-- TOC entry 4660 (class 1259 OID 24756)
-- Name: idx_email; Type: INDEX; Schema: public; Owner: postgres
--

CREATE INDEX idx_email ON public.users USING btree (email);


--
-- TOC entry 4671 (class 1259 OID 24751)
-- Name: idx_fetched_by; Type: INDEX; Schema: public; Owner: postgres
--

CREATE INDEX idx_fetched_by ON public.books USING btree (fetched_by);


--
-- TOC entry 4665 (class 1259 OID 24755)
-- Name: idxbflmsa1rv1xs3x5vyhhb7a0kq; Type: INDEX; Schema: public; Owner: postgres
--

CREATE INDEX idxbflmsa1rv1xs3x5vyhhb7a0kq ON public.lending USING btree (book_id);


--
-- TOC entry 4666 (class 1259 OID 24754)
-- Name: idxlgjog1bh3uf6gg36ouepkn9sg; Type: INDEX; Schema: public; Owner: postgres
--

CREATE INDEX idxlgjog1bh3uf6gg36ouepkn9sg ON public.lending USING btree (user_id);


--
-- TOC entry 4678 (class 2606 OID 32936)
-- Name: lending fk_lending_book; Type: FK CONSTRAINT; Schema: public; Owner: postgres
--

ALTER TABLE ONLY public.lending
    ADD CONSTRAINT fk_lending_book FOREIGN KEY (book_id) REFERENCES public.books(id);


--
-- TOC entry 4679 (class 2606 OID 16586)
-- Name: lending fk_lending_user; Type: FK CONSTRAINT; Schema: public; Owner: postgres
--

ALTER TABLE ONLY public.lending
    ADD CONSTRAINT fk_lending_user FOREIGN KEY (user_id) REFERENCES public.users(id);


--
-- TOC entry 4681 (class 2606 OID 32950)
-- Name: seats fk_seats_reserved_by; Type: FK CONSTRAINT; Schema: public; Owner: postgres
--

ALTER TABLE ONLY public.seats
    ADD CONSTRAINT fk_seats_reserved_by FOREIGN KEY (reserved_by) REFERENCES public.users(id) ON DELETE SET NULL;


--
-- TOC entry 4680 (class 2606 OID 24767)
-- Name: lending fkp7e2temct17se6iy84ouljm93; Type: FK CONSTRAINT; Schema: public; Owner: postgres
--

ALTER TABLE ONLY public.lending
    ADD CONSTRAINT fkp7e2temct17se6iy84ouljm93 FOREIGN KEY (book_id) REFERENCES public.books(id);


-- Completed on 2026-06-22 03:46:59

--
-- PostgreSQL database dump complete
--

\unrestrict 5fuhOfUe6wGvsa2YOLNeHFxSfNdtuwmeUhKmYaLPabzMhZhsbS5p6ibtLfTWduy

